,train_mae,train_rmse,train_r2,test_mae,test_rmse,test_r2
Linear Regression,43.483503523980396,53.558843367230935,0.5279193863361498,42.79409467959993,53.85344583676592,0.4526027629719196
Ridge,43.63849121966878,53.73560907242372,0.524798132674319,42.856825247800614,53.6262875688952,0.45721095677808476
Lasso,43.83914582663473,53.86293808221592,0.5225434389503393,42.802983731957774,53.14666587896139,0.46687670944102466
